{
  "0": {
    "precision": 0.8425941563925012,
    "recall": 0.9898809523809524,
    "f1-score": 0.9103184016056929,
    "support": 5040.0
  },
  "1": {
    "precision": 0.9629898403483309,
    "recall": 0.5874280655157149,
    "f1-score": 0.7297222985977454,
    "support": 2259.0
  },
  "accuracy": 0.8653240169886286,
  "macro avg": {
    "precision": 0.902791998370416,
    "recall": 0.7886545089483337,
    "f1-score": 0.8200203501017191,
    "support": 7299.0
  },
  "weighted avg": {
    "precision": 0.8798559525366605,
    "recall": 0.8653240169886286,
    "f1-score": 0.8544249097992873,
    "support": 7299.0
  }
}