{
  "0": {
    "precision": 0.7711379529561347,
    "recall": 0.9352351580570547,
    "f1-score": 0.8452961672473868,
    "support": 1297.0
  },
  "1": {
    "precision": 0.7507418397626113,
    "recall": 0.41272430668841764,
    "f1-score": 0.5326315789473685,
    "support": 613.0
  },
  "accuracy": 0.7675392670157068,
  "macro avg": {
    "precision": 0.760939896359373,
    "recall": 0.6739797323727361,
    "f1-score": 0.6889638730973776,
    "support": 1910.0
  },
  "weighted avg": {
    "precision": 0.7645919752662762,
    "recall": 0.7675392670157068,
    "f1-score": 0.7449488412641873,
    "support": 1910.0
  }
}