{
  "0": {
    "precision": 0.8159340659340659,
    "recall": 0.686969930609098,
    "f1-score": 0.7459187944746756,
    "support": 1297.0
  },
  "1": {
    "precision": 0.5036674816625917,
    "recall": 0.6721044045676998,
    "f1-score": 0.5758211041229909,
    "support": 613.0
  },
  "accuracy": 0.6821989528795811,
  "macro avg": {
    "precision": 0.6598007737983288,
    "recall": 0.6795371675883989,
    "f1-score": 0.6608699492988332,
    "support": 1910.0
  },
  "weighted avg": {
    "precision": 0.7157144763223311,
    "recall": 0.6821989528795811,
    "f1-score": 0.6913272320738469,
    "support": 1910.0
  }
}