{
  "0": {
    "precision": 0.7998655688119644,
    "recall": 0.9444444444444444,
    "f1-score": 0.8661632244563734,
    "support": 5040.0
  },
  "1": {
    "precision": 0.9102851650112144,
    "recall": 0.7046130952380952,
    "f1-score": 0.7943520201314134,
    "support": 4032.0
  },
  "accuracy": 0.837852733686067,
  "macro avg": {
    "precision": 0.8550753669115894,
    "recall": 0.8245287698412698,
    "f1-score": 0.8302576222938933,
    "support": 9072.0
  },
  "weighted avg": {
    "precision": 0.8489409449005199,
    "recall": 0.837852733686067,
    "f1-score": 0.83424713364528,
    "support": 9072.0
  }
}