{
  "0": {
    "precision": 0.8004073319755601,
    "recall": 0.9090208172706246,
    "f1-score": 0.8512635379061372,
    "support": 1297.0
  },
  "1": {
    "precision": 0.7299771167048055,
    "recall": 0.5203915171288744,
    "f1-score": 0.6076190476190476,
    "support": 613.0
  },
  "accuracy": 0.7842931937172775,
  "macro avg": {
    "precision": 0.7651922243401827,
    "recall": 0.7147061671997494,
    "f1-score": 0.7294412927625924,
    "support": 1910.0
  },
  "weighted avg": {
    "precision": 0.7778032890640563,
    "recall": 0.7842931937172775,
    "f1-score": 0.7730676884056209,
    "support": 1910.0
  }
}