{
  "0": {
    "precision": 0.8583196046128501,
    "recall": 0.9303571428571429,
    "f1-score": 0.8928877463581834,
    "support": 5040.0
  },
  "1": {
    "precision": 0.8088235294117647,
    "recall": 0.6573705179282868,
    "f1-score": 0.7252747252747253,
    "support": 2259.0
  },
  "accuracy": 0.8458692971639951,
  "macro avg": {
    "precision": 0.8335715670123074,
    "recall": 0.7938638303927148,
    "f1-score": 0.8090812358164543,
    "support": 7299.0
  },
  "weighted avg": {
    "precision": 0.8430008439772492,
    "recall": 0.8458692971639951,
    "f1-score": 0.8410124463681118,
    "support": 7299.0
  }
}