{
  "0": {
    "precision": 0.8128986534372785,
    "recall": 0.8843484965304549,
    "f1-score": 0.8471196454948301,
    "support": 1297.0
  },
  "1": {
    "precision": 0.6993987975951904,
    "recall": 0.5693311582381729,
    "f1-score": 0.6276978417266187,
    "support": 613.0
  },
  "accuracy": 0.7832460732984293,
  "macro avg": {
    "precision": 0.7561487255162345,
    "recall": 0.726839827384314,
    "f1-score": 0.7374087436107244,
    "support": 1910.0
  },
  "weighted avg": {
    "precision": 0.7764717363528806,
    "recall": 0.7832460732984293,
    "f1-score": 0.7766978833430429,
    "support": 1910.0
  }
}