{
  "0": {
    "precision": 0.8246487640049796,
    "recall": 0.9200396825396825,
    "f1-score": 0.8697364719122198,
    "support": 5040.0
  },
  "1": {
    "precision": 0.7595465393794749,
    "recall": 0.5635236830455954,
    "f1-score": 0.6470139771283354,
    "support": 2259.0
  },
  "accuracy": 0.8096999588984792,
  "macro avg": {
    "precision": 0.7920976516922272,
    "recall": 0.7417816827926389,
    "f1-score": 0.7583752245202776,
    "support": 7299.0
  },
  "weighted avg": {
    "precision": 0.8044999867164448,
    "recall": 0.8096999588984792,
    "f1-score": 0.8008050955980953,
    "support": 7299.0
  }
}