{
  "0": {
    "precision": 0.7954085077650236,
    "recall": 0.9082498072474943,
    "f1-score": 0.8480921526277898,
    "support": 1297.0
  },
  "1": {
    "precision": 0.7226107226107226,
    "recall": 0.5057096247960848,
    "f1-score": 0.5950095969289827,
    "support": 613.0
  },
  "accuracy": 0.7790575916230367,
  "macro avg": {
    "precision": 0.7590096151878731,
    "recall": 0.7069797160217896,
    "f1-score": 0.7215508747783863,
    "support": 1910.0
  },
  "weighted avg": {
    "precision": 0.7720446112730935,
    "recall": 0.7790575916230367,
    "f1-score": 0.7668672276836178,
    "support": 1910.0
  }
}