{
  "0": {
    "precision": 0.8372809551319084,
    "recall": 0.8626984126984127,
    "f1-score": 0.8497996677416203,
    "support": 5040.0
  },
  "1": {
    "precision": 0.671415004748338,
    "recall": 0.6259406817175741,
    "f1-score": 0.647880870561283,
    "support": 2259.0
  },
  "accuracy": 0.7894232086587204,
  "macro avg": {
    "precision": 0.7543479799401231,
    "recall": 0.7443195472079934,
    "f1-score": 0.7488402691514516,
    "support": 7299.0
  },
  "weighted avg": {
    "precision": 0.7859463638294717,
    "recall": 0.7894232086587204,
    "f1-score": 0.7873069204022063,
    "support": 7299.0
  }
}