{
  "0": {
    "precision": 0.8217821782178217,
    "recall": 0.8319198149575945,
    "f1-score": 0.8268199233716476,
    "support": 1297.0
  },
  "1": {
    "precision": 0.6348408710217756,
    "recall": 0.6182707993474714,
    "f1-score": 0.6264462809917355,
    "support": 613.0
  },
  "accuracy": 0.7633507853403141,
  "macro avg": {
    "precision": 0.7283115246197986,
    "recall": 0.725095307152533,
    "f1-score": 0.7266331021816915,
    "support": 1910.0
  },
  "weighted avg": {
    "precision": 0.761784784861185,
    "recall": 0.7633507853403141,
    "f1-score": 0.7625115240109742,
    "support": 1910.0
  }
}