{
  "0": {
    "precision": 0.8200321371183718,
    "recall": 0.9113095238095238,
    "f1-score": 0.8632647307583874,
    "support": 5040.0
  },
  "1": {
    "precision": 0.9002009377093101,
    "recall": 0.8,
    "f1-score": 0.8471478096438702,
    "support": 5040.0
  },
  "accuracy": 0.8556547619047619,
  "macro avg": {
    "precision": 0.8601165374138409,
    "recall": 0.8556547619047619,
    "f1-score": 0.8552062702011287,
    "support": 10080.0
  },
  "weighted avg": {
    "precision": 0.8601165374138409,
    "recall": 0.8556547619047619,
    "f1-score": 0.8552062702011289,
    "support": 10080.0
  }
}