{
  "0": {
    "precision": 0.8065433854907539,
    "recall": 0.874325366229761,
    "f1-score": 0.8390677025527192,
    "support": 1297.0
  },
  "1": {
    "precision": 0.6765873015873016,
    "recall": 0.5562805872756933,
    "f1-score": 0.6105640107430618,
    "support": 613.0
  },
  "accuracy": 0.7722513089005235,
  "macro avg": {
    "precision": 0.7415653435390277,
    "recall": 0.7153029767527271,
    "f1-score": 0.7248158566478905,
    "support": 1910.0
  },
  "weighted avg": {
    "precision": 0.7648349669395411,
    "recall": 0.7722513089005235,
    "f1-score": 0.7657311773803003,
    "support": 1910.0
  }
}