{
  "0": {
    "precision": 0.752925877763329,
    "recall": 0.8786039453717754,
    "f1-score": 0.8109243697478992,
    "support": 659.0
  },
  "1": {
    "precision": 0.8412698412698413,
    "recall": 0.6905537459283387,
    "f1-score": 0.7584973166368515,
    "support": 614.0
  },
  "accuracy": 0.7879025923016496,
  "macro avg": {
    "precision": 0.7970978595165852,
    "recall": 0.7845788456500571,
    "f1-score": 0.7847108431923753,
    "support": 1273.0
  },
  "weighted avg": {
    "precision": 0.7955363990461244,
    "recall": 0.7879025923016496,
    "f1-score": 0.7856374800305518,
    "support": 1273.0
  }
}