{
  "0": {
    "precision": 0.775653282345443,
    "recall": 0.938319198149576,
    "f1-score": 0.8492672714584787,
    "support": 1297.0
  },
  "1": {
    "precision": 0.7653958944281525,
    "recall": 0.4257748776508972,
    "f1-score": 0.5471698113207547,
    "support": 613.0
  },
  "accuracy": 0.7738219895287958,
  "macro avg": {
    "precision": 0.7705245883867977,
    "recall": 0.6820470379002366,
    "f1-score": 0.6982185413896167,
    "support": 1910.0
  },
  "weighted avg": {
    "precision": 0.772361251563611,
    "recall": 0.7738219895287958,
    "f1-score": 0.7523113850373138,
    "support": 1910.0
  }
}