{
  "0": {
    "precision": 0.81218993621545,
    "recall": 0.8835774865073246,
    "f1-score": 0.8463810930576071,
    "support": 1297.0
  },
  "1": {
    "precision": 0.6973947895791583,
    "recall": 0.567699836867863,
    "f1-score": 0.6258992805755396,
    "support": 613.0
  },
  "accuracy": 0.7821989528795812,
  "macro avg": {
    "precision": 0.7547923628973041,
    "recall": 0.7256386616875938,
    "f1-score": 0.7361401868165733,
    "support": 1910.0
  },
  "weighted avg": {
    "precision": 0.775347305384012,
    "recall": 0.7821989528795812,
    "f1-score": 0.7756191291562943,
    "support": 1910.0
  }
}