{
  "0": {
    "precision": 0.7116331096196868,
    "recall": 0.9016439909297053,
    "f1-score": 0.7954488622155539,
    "support": 3528.0
  },
  "1": {
    "precision": 0.865815931941222,
    "recall": 0.6346371882086168,
    "f1-score": 0.7324174026823683,
    "support": 3528.0
  },
  "accuracy": 0.768140589569161,
  "macro avg": {
    "precision": 0.7887245207804544,
    "recall": 0.7681405895691611,
    "f1-score": 0.7639331324489611,
    "support": 7056.0
  },
  "weighted avg": {
    "precision": 0.7887245207804544,
    "recall": 0.768140589569161,
    "f1-score": 0.7639331324489612,
    "support": 7056.0
  }
}