{
  "0": {
    "precision": 0.8205705705705706,
    "recall": 0.8427139552814187,
    "f1-score": 0.8314948649676683,
    "support": 1297.0
  },
  "1": {
    "precision": 0.6470588235294118,
    "recall": 0.6101141924959217,
    "f1-score": 0.6280436607892528,
    "support": 613.0
  },
  "accuracy": 0.7680628272251309,
  "macro avg": {
    "precision": 0.7338146970499912,
    "recall": 0.7264140738886702,
    "f1-score": 0.7297692628784606,
    "support": 1910.0
  },
  "weighted avg": {
    "precision": 0.7648832925934866,
    "recall": 0.7680628272251309,
    "f1-score": 0.7661987455114543,
    "support": 1910.0
  }
}