{
  "0": {
    "precision": 0.8363009764503159,
    "recall": 0.8666666666666667,
    "f1-score": 0.8512130955860859,
    "support": 5040.0
  },
  "1": {
    "precision": 0.6763005780346821,
    "recall": 0.6215139442231076,
    "f1-score": 0.6477508650519032,
    "support": 2259.0
  },
  "accuracy": 0.790793259350596,
  "macro avg": {
    "precision": 0.756300777242499,
    "recall": 0.7440903054448871,
    "f1-score": 0.7494819803189945,
    "support": 7299.0
  },
  "weighted avg": {
    "precision": 0.7867817409357363,
    "recall": 0.790793259350596,
    "f1-score": 0.7882426641877137,
    "support": 7299.0
  }
}