{
  "0": {
    "precision": 0.8091872791519434,
    "recall": 0.8828064764841943,
    "f1-score": 0.8443952802359882,
    "support": 1297.0
  },
  "1": {
    "precision": 0.692929292929293,
    "recall": 0.5595432300163132,
    "f1-score": 0.6191335740072202,
    "support": 613.0
  },
  "accuracy": 0.7790575916230367,
  "macro avg": {
    "precision": 0.7510582860406182,
    "recall": 0.7211748532502538,
    "f1-score": 0.7317644271216042,
    "support": 1910.0
  },
  "weighted avg": {
    "precision": 0.7718751610605903,
    "recall": 0.7790575916230367,
    "f1-score": 0.7720992457238233,
    "support": 1910.0
  }
}