{
  "0": {
    "precision": 0.8359526752604627,
    "recall": 0.9392857142857143,
    "f1-score": 0.8846117910866113,
    "support": 5040.0
  },
  "1": {
    "precision": 0.9307222096445551,
    "recall": 0.8156746031746032,
    "f1-score": 0.8694089034577561,
    "support": 5040.0
  },
  "accuracy": 0.8774801587301587,
  "macro avg": {
    "precision": 0.8833374424525089,
    "recall": 0.8774801587301587,
    "f1-score": 0.8770103472721837,
    "support": 10080.0
  },
  "weighted avg": {
    "precision": 0.8833374424525089,
    "recall": 0.8774801587301587,
    "f1-score": 0.8770103472721837,
    "support": 10080.0
  }
}