{
  "0": {
    "precision": 0.7551813471502591,
    "recall": 0.8846737481031867,
    "f1-score": 0.8148148148148148,
    "support": 659.0
  },
  "1": {
    "precision": 0.8483033932135728,
    "recall": 0.6921824104234527,
    "f1-score": 0.7623318385650224,
    "support": 614.0
  },
  "accuracy": 0.7918303220738413,
  "macro avg": {
    "precision": 0.801742370181916,
    "recall": 0.7884280792633197,
    "f1-score": 0.7885733266899186,
    "support": 1273.0
  },
  "weighted avg": {
    "precision": 0.8000964581344496,
    "recall": 0.7918303220738413,
    "f1-score": 0.7895009519574916,
    "support": 1273.0
  }
}