{
  "0": {
    "precision": 0.7696594427244582,
    "recall": 0.9583654587509638,
    "f1-score": 0.8537087912087912,
    "support": 1297.0
  },
  "1": {
    "precision": 0.8169491525423729,
    "recall": 0.3931484502446982,
    "f1-score": 0.5308370044052864,
    "support": 613.0
  },
  "accuracy": 0.7769633507853403,
  "macro avg": {
    "precision": 0.7933042976334155,
    "recall": 0.675756954497831,
    "f1-score": 0.6922728978070387,
    "support": 1910.0
  },
  "weighted avg": {
    "precision": 0.7848367160848674,
    "recall": 0.7769633507853403,
    "f1-score": 0.7500855423551009,
    "support": 1910.0
  }
}