{
  "0": {
    "precision": 0.8138133246457078,
    "recall": 0.9912698412698413,
    "f1-score": 0.8938187673316039,
    "support": 5040.0
  },
  "1": {
    "precision": 0.9818855496088925,
    "recall": 0.6760204081632653,
    "f1-score": 0.8007386268255834,
    "support": 3528.0
  },
  "accuracy": 0.8614612511671336,
  "macro avg": {
    "precision": 0.8978494371273001,
    "recall": 0.8336451247165533,
    "f1-score": 0.8472786970785937,
    "support": 8568.0
  },
  "weighted avg": {
    "precision": 0.8830195349246661,
    "recall": 0.8614612511671336,
    "f1-score": 0.8554916506526543,
    "support": 8568.0
  }
}