{
  "0": {
    "precision": 0.7634691195795007,
    "recall": 0.881638846737481,
    "f1-score": 0.8183098591549296,
    "support": 659.0
  },
  "1": {
    "precision": 0.84765625,
    "recall": 0.7068403908794788,
    "f1-score": 0.7708703374777975,
    "support": 614.0
  },
  "accuracy": 0.7973291437549097,
  "macro avg": {
    "precision": 0.8055626847897503,
    "recall": 0.7942396188084799,
    "f1-score": 0.7945900983163636,
    "support": 1273.0
  },
  "weighted avg": {
    "precision": 0.8040746954461044,
    "recall": 0.7973291437549097,
    "f1-score": 0.7954285816138777,
    "support": 1273.0
  }
}