{
  "0": {
    "precision": 0.9373948794617828,
    "recall": 0.9952380952380953,
    "f1-score": 0.965450870946011,
    "support": 5040.0
  },
  "1": {
    "precision": 0.9876796714579056,
    "recall": 0.8517042939353696,
    "f1-score": 0.914666032802472,
    "support": 2259.0
  },
  "accuracy": 0.950815180161666,
  "macro avg": {
    "precision": 0.9625372754598442,
    "recall": 0.9234711945867324,
    "f1-score": 0.9400584518742415,
    "support": 7299.0
  },
  "weighted avg": {
    "precision": 0.9529577435690908,
    "recall": 0.950815180161666,
    "f1-score": 0.9497332453306864,
    "support": 7299.0
  }
}