{
  "0": {
    "precision": 0.7967914438502673,
    "recall": 0.9190439475713185,
    "f1-score": 0.853562477622628,
    "support": 1297.0
  },
  "1": {
    "precision": 0.7463768115942029,
    "recall": 0.5040783034257749,
    "f1-score": 0.6017526777020448,
    "support": 613.0
  },
  "accuracy": 0.7858638743455497,
  "macro avg": {
    "precision": 0.7715841277222351,
    "recall": 0.7115611254985467,
    "f1-score": 0.7276575776623364,
    "support": 1910.0
  },
  "weighted avg": {
    "precision": 0.7806112503565672,
    "recall": 0.7858638743455497,
    "f1-score": 0.7727460339831949,
    "support": 1910.0
  }
}