{
  "0": {
    "precision": 0.8128571428571428,
    "recall": 0.8774094063222821,
    "f1-score": 0.8439006303299963,
    "support": 1297.0
  },
  "1": {
    "precision": 0.6882352941176471,
    "recall": 0.5725938009787929,
    "f1-score": 0.6251113089937667,
    "support": 613.0
  },
  "accuracy": 0.7795811518324607,
  "macro avg": {
    "precision": 0.750546218487395,
    "recall": 0.7250016036505376,
    "f1-score": 0.7345059696618814,
    "support": 1910.0
  },
  "weighted avg": {
    "precision": 0.7728607065862994,
    "recall": 0.7795811518324607,
    "f1-score": 0.7736818586131855,
    "support": 1910.0
  }
}