{
  "0": {
    "precision": 0.8622133236257735,
    "recall": 0.9398809523809524,
    "f1-score": 0.8993734573761154,
    "support": 5040.0
  },
  "1": {
    "precision": 0.8321329639889197,
    "recall": 0.66489597166888,
    "f1-score": 0.7391732283464567,
    "support": 2259.0
  },
  "accuracy": 0.8547746266611864,
  "macro avg": {
    "precision": 0.8471731438073467,
    "recall": 0.8023884620249162,
    "f1-score": 0.8192733428612861,
    "support": 7299.0
  },
  "weighted avg": {
    "precision": 0.8529036192252183,
    "recall": 0.8547746266611864,
    "f1-score": 0.8497923753952964,
    "support": 7299.0
  }
}