{
  "0": {
    "precision": 0.7578534031413613,
    "recall": 0.8786039453717754,
    "f1-score": 0.8137737174982431,
    "support": 659.0
  },
  "1": {
    "precision": 0.8428290766208252,
    "recall": 0.6986970684039088,
    "f1-score": 0.7640249332146037,
    "support": 614.0
  },
  "accuracy": 0.7918303220738413,
  "macro avg": {
    "precision": 0.8003412398810932,
    "recall": 0.7886505068878421,
    "f1-score": 0.7888993253564234,
    "support": 1273.0
  },
  "weighted avg": {
    "precision": 0.7988393132092253,
    "recall": 0.7918303220738413,
    "f1-score": 0.7897786243716487,
    "support": 1273.0
  }
}