{
  "0": {
    "precision": 0.9350867375489648,
    "recall": 0.9946428571428572,
    "f1-score": 0.9639457744447649,
    "support": 5040.0
  },
  "1": {
    "precision": 0.9860681114551083,
    "recall": 0.8459495351925631,
    "f1-score": 0.910650464617584,
    "support": 2259.0
  },
  "accuracy": 0.948623099054665,
  "macro avg": {
    "precision": 0.9605774245020365,
    "recall": 0.9202961961677101,
    "f1-score": 0.9372981195311745,
    "support": 7299.0
  },
  "weighted avg": {
    "precision": 0.9508651898922965,
    "recall": 0.948623099054665,
    "f1-score": 0.9474511717732207,
    "support": 7299.0
  }
}