{
  "0": {
    "precision": 0.7974598930481284,
    "recall": 0.9198149575944488,
    "f1-score": 0.8542785535266738,
    "support": 1297.0
  },
  "1": {
    "precision": 0.748792270531401,
    "recall": 0.5057096247960848,
    "f1-score": 0.6037000973709834,
    "support": 613.0
  },
  "accuracy": 0.7869109947643979,
  "macro avg": {
    "precision": 0.7731260817897647,
    "recall": 0.7127622911952668,
    "f1-score": 0.7289893254488287,
    "support": 1910.0
  },
  "weighted avg": {
    "precision": 0.781840389067629,
    "recall": 0.7869109947643979,
    "f1-score": 0.7738573003206851,
    "support": 1910.0
  }
}