{
  "0": {
    "precision": 0.7873183619550859,
    "recall": 0.9190439475713185,
    "f1-score": 0.848096762717894,
    "support": 1297.0
  },
  "1": {
    "precision": 0.7348484848484849,
    "recall": 0.47471451876019577,
    "f1-score": 0.576808721506442,
    "support": 613.0
  },
  "accuracy": 0.7764397905759163,
  "macro avg": {
    "precision": 0.7610834234017854,
    "recall": 0.6968792331657572,
    "f1-score": 0.712452742112168,
    "support": 1910.0
  },
  "weighted avg": {
    "precision": 0.7704785532292501,
    "recall": 0.7764397905759163,
    "f1-score": 0.7610289254076218,
    "support": 1910.0
  }
}