{
  "0": {
    "precision": 0.9393427230046948,
    "recall": 0.9924603174603175,
    "f1-score": 0.9651712493970092,
    "support": 5040.0
  },
  "1": {
    "precision": 0.9807497467071935,
    "recall": 0.8570163789287295,
    "f1-score": 0.9147176943066383,
    "support": 2259.0
  },
  "accuracy": 0.9505411700232909,
  "macro avg": {
    "precision": 0.9600462348559442,
    "recall": 0.9247383481945235,
    "f1-score": 0.9399444718518237,
    "support": 7299.0
  },
  "weighted avg": {
    "precision": 0.9521579670852462,
    "recall": 0.9505411700232909,
    "f1-score": 0.949556154048448,
    "support": 7299.0
  }
}