{
  "0": {
    "precision": 0.815028901734104,
    "recall": 0.8696993060909792,
    "f1-score": 0.8414770607982096,
    "support": 1297.0
  },
  "1": {
    "precision": 0.6787072243346007,
    "recall": 0.5823817292006526,
    "f1-score": 0.6268656716417911,
    "support": 613.0
  },
  "accuracy": 0.7774869109947644,
  "macro avg": {
    "precision": 0.7468680630343524,
    "recall": 0.7260405176458159,
    "f1-score": 0.7341713662200003,
    "support": 1910.0
  },
  "weighted avg": {
    "precision": 0.7712774942755201,
    "recall": 0.7774869109947644,
    "f1-score": 0.7725991646972229,
    "support": 1910.0
  }
}