{
  "0": {
    "precision": 0.8597616865261228,
    "recall": 0.9305555555555556,
    "f1-score": 0.8937589328251548,
    "support": 5040.0
  },
  "1": {
    "precision": 0.8101952277657267,
    "recall": 0.6613545816733067,
    "f1-score": 0.728247623689983,
    "support": 2259.0
  },
  "accuracy": 0.8472393478558706,
  "macro avg": {
    "precision": 0.8349784571459248,
    "recall": 0.7959550686144312,
    "f1-score": 0.8110032782575689,
    "support": 7299.0
  },
  "weighted avg": {
    "precision": 0.8444211425694528,
    "recall": 0.8472393478558706,
    "f1-score": 0.8425341010212977,
    "support": 7299.0
  }
}