{
  "0": {
    "precision": 0.7926023778071334,
    "recall": 0.9252120277563608,
    "f1-score": 0.8537886872998933,
    "support": 1297.0
  },
  "1": {
    "precision": 0.7550505050505051,
    "recall": 0.48776508972267535,
    "f1-score": 0.5926660059464817,
    "support": 613.0
  },
  "accuracy": 0.7848167539267016,
  "macro avg": {
    "precision": 0.7738264414288192,
    "recall": 0.7064885587395181,
    "f1-score": 0.7232273466231876,
    "support": 1910.0
  },
  "weighted avg": {
    "precision": 0.7805503893255559,
    "recall": 0.7848167539267016,
    "f1-score": 0.7699833450644791,
    "support": 1910.0
  }
}