{
  "0": {
    "precision": 0.9363330843913368,
    "recall": 0.9950396825396826,
    "f1-score": 0.964794151596768,
    "support": 5040.0
  },
  "1": {
    "precision": 0.9871332990221308,
    "recall": 0.8490482514386897,
    "f1-score": 0.9128986197049024,
    "support": 2259.0
  },
  "accuracy": 0.949856144677353,
  "macro avg": {
    "precision": 0.9617331917067338,
    "recall": 0.9220439669891861,
    "f1-score": 0.9388463856508351,
    "support": 7299.0
  },
  "weighted avg": {
    "precision": 0.9520554689441473,
    "recall": 0.949856144677353,
    "f1-score": 0.9487327724292484,
    "support": 7299.0
  }
}