{
  "0": {
    "precision": 0.7572178477690289,
    "recall": 0.8755690440060698,
    "f1-score": 0.8121041520056298,
    "support": 659.0
  },
  "1": {
    "precision": 0.8395303326810176,
    "recall": 0.6986970684039088,
    "f1-score": 0.7626666666666667,
    "support": 614.0
  },
  "accuracy": 0.7902592301649647,
  "macro avg": {
    "precision": 0.7983740902250233,
    "recall": 0.7871330562049893,
    "f1-score": 0.7873854093361483,
    "support": 1273.0
  },
  "weighted avg": {
    "precision": 0.7969192348357697,
    "recall": 0.7902592301649647,
    "f1-score": 0.788259206209775,
    "support": 1273.0
  }
}