{
  "0": {
    "precision": 0.9330107927056196,
    "recall": 0.9948412698412699,
    "f1-score": 0.9629345112348762,
    "support": 5040.0
  },
  "1": {
    "precision": 0.9864935064935065,
    "recall": 0.8406374501992032,
    "f1-score": 0.9077437858508605,
    "support": 2259.0
  },
  "accuracy": 0.9471160432936019,
  "macro avg": {
    "precision": 0.9597521495995631,
    "recall": 0.9177393600202366,
    "f1-score": 0.9353391485428684,
    "support": 7299.0
  },
  "weighted avg": {
    "precision": 0.949563395863153,
    "recall": 0.9471160432936019,
    "f1-score": 0.9458532879655939,
    "support": 7299.0
  }
}