{
  "0": {
    "precision": 0.757496740547588,
    "recall": 0.881638846737481,
    "f1-score": 0.814866760168303,
    "support": 659.0
  },
  "1": {
    "precision": 0.8458498023715415,
    "recall": 0.6970684039087948,
    "f1-score": 0.7642857142857142,
    "support": 614.0
  },
  "accuracy": 0.7926158680282797,
  "macro avg": {
    "precision": 0.8016732714595647,
    "recall": 0.7893536253231379,
    "f1-score": 0.7895762372270085,
    "support": 1273.0
  },
  "weighted avg": {
    "precision": 0.8001116501783087,
    "recall": 0.7926158680282797,
    "f1-score": 0.790470246286206,
    "support": 1273.0
  }
}