{
  "0": {
    "precision": 0.7923280423280423,
    "recall": 0.9236700077101002,
    "f1-score": 0.8529725881096476,
    "support": 1297.0
  },
  "1": {
    "precision": 0.7512562814070352,
    "recall": 0.48776508972267535,
    "f1-score": 0.5914935707220573,
    "support": 613.0
  },
  "accuracy": 0.7837696335078534,
  "macro avg": {
    "precision": 0.7717921618675387,
    "recall": 0.7057175487163878,
    "f1-score": 0.7222330794158525,
    "support": 1910.0
  },
  "weighted avg": {
    "precision": 0.7791463724617715,
    "recall": 0.7837696335078534,
    "f1-score": 0.7690528825292325,
    "support": 1910.0
  }
}