{
  "0": {
    "precision": 0.7379480840543882,
    "recall": 0.9059180576631259,
    "f1-score": 0.8133514986376021,
    "support": 659.0
  },
  "1": {
    "precision": 0.8663793103448276,
    "recall": 0.6547231270358306,
    "f1-score": 0.7458256029684601,
    "support": 614.0
  },
  "accuracy": 0.7847604084838963,
  "macro avg": {
    "precision": 0.8021636971996079,
    "recall": 0.7803205923494783,
    "f1-score": 0.7795885508030311,
    "support": 1273.0
  },
  "weighted avg": {
    "precision": 0.7998937030192977,
    "recall": 0.7847604084838963,
    "f1-score": 0.7807820564216923,
    "support": 1273.0
  }
}