{
  "0": {
    "precision": 0.812544547398432,
    "recall": 0.8789514263685428,
    "f1-score": 0.8444444444444444,
    "support": 1297.0
  },
  "1": {
    "precision": 0.6903353057199211,
    "recall": 0.5709624796084829,
    "f1-score": 0.625,
    "support": 613.0
  },
  "accuracy": 0.7801047120418848,
  "macro avg": {
    "precision": 0.7514399265591765,
    "recall": 0.7249569529885129,
    "f1-score": 0.7347222222222223,
    "support": 1910.0
  },
  "weighted avg": {
    "precision": 0.7733224190482082,
    "recall": 0.7801047120418848,
    "f1-score": 0.7740154159394997,
    "support": 1910.0
  }
}