{
  "0": {
    "precision": 0.8626453488372093,
    "recall": 0.942063492063492,
    "f1-score": 0.9006069802731411,
    "support": 5040.0
  },
  "1": {
    "precision": 0.8373259052924791,
    "recall": 0.6653386454183267,
    "f1-score": 0.7414898865318205,
    "support": 2259.0
  },
  "accuracy": 0.8564186874914372,
  "macro avg": {
    "precision": 0.8499856270648443,
    "recall": 0.8037010687409094,
    "f1-score": 0.8210484334024808,
    "support": 7299.0
  },
  "weighted avg": {
    "precision": 0.854809121550246,
    "recall": 0.8564186874914372,
    "f1-score": 0.8513611226540642,
    "support": 7299.0
  }
}