{
  "0": {
    "precision": 0.8366488140780414,
    "recall": 0.8678571428571429,
    "f1-score": 0.851967276977016,
    "support": 5040.0
  },
  "1": {
    "precision": 0.6784162240463544,
    "recall": 0.6219566179725542,
    "f1-score": 0.648960739030023,
    "support": 2259.0
  },
  "accuracy": 0.7917522948349089,
  "macro avg": {
    "precision": 0.7575325190621979,
    "recall": 0.7449068804148485,
    "f1-score": 0.7504640080035195,
    "support": 7299.0
  },
  "weighted avg": {
    "precision": 0.7876767054492456,
    "recall": 0.7917522948349089,
    "f1-score": 0.7891378799058751,
    "support": 7299.0
  }
}