{
  "0": {
    "precision": 0.8193403298350824,
    "recall": 0.8427139552814187,
    "f1-score": 0.830862789813759,
    "support": 1297.0
  },
  "1": {
    "precision": 0.6458333333333334,
    "recall": 0.6068515497553018,
    "f1-score": 0.6257359125315392,
    "support": 613.0
  },
  "accuracy": 0.7670157068062827,
  "macro avg": {
    "precision": 0.7325868315842079,
    "recall": 0.7247827525183602,
    "f1-score": 0.7282993511726491,
    "support": 1910.0
  },
  "weighted avg": {
    "precision": 0.7636545765075577,
    "recall": 0.7670157068062827,
    "f1-score": 0.7650288757959576,
    "support": 1910.0
  }
}