{
  "0": {
    "precision": 0.9319069767441861,
    "recall": 0.9938492063492064,
    "f1-score": 0.9618819011041767,
    "support": 5040.0
  },
  "1": {
    "precision": 0.9838877338877339,
    "recall": 0.8379814077025233,
    "f1-score": 0.9050920392063112,
    "support": 2259.0
  },
  "accuracy": 0.9456089875325387,
  "macro avg": {
    "precision": 0.95789735531596,
    "recall": 0.9159153070258648,
    "f1-score": 0.933486970155244,
    "support": 7299.0
  },
  "weighted avg": {
    "precision": 0.9479947326542114,
    "recall": 0.9456089875325387,
    "f1-score": 0.9443057539569951,
    "support": 7299.0
  }
}