{
  "0": {
    "precision": 0.7973509933774835,
    "recall": 0.9282960678488821,
    "f1-score": 0.85785536159601,
    "support": 1297.0
  },
  "1": {
    "precision": 0.7675,
    "recall": 0.5008156606851549,
    "f1-score": 0.6061204343534057,
    "support": 613.0
  },
  "accuracy": 0.7910994764397906,
  "macro avg": {
    "precision": 0.7824254966887417,
    "recall": 0.7145558642670184,
    "f1-score": 0.7319878979747079,
    "support": 1910.0
  },
  "weighted avg": {
    "precision": 0.7877705436704691,
    "recall": 0.7910994764397906,
    "f1-score": 0.777062947774169,
    "support": 1910.0
  }
}