{
  "0": {
    "precision": 0.7985175202156334,
    "recall": 0.9136468774094063,
    "f1-score": 0.8522114347357066,
    "support": 1297.0
  },
  "1": {
    "precision": 0.7370892018779343,
    "recall": 0.5122349102773246,
    "f1-score": 0.6044273339749759,
    "support": 613.0
  },
  "accuracy": 0.7848167539267016,
  "macro avg": {
    "precision": 0.7678033610467838,
    "recall": 0.7129408938433655,
    "f1-score": 0.7283193843553413,
    "support": 1910.0
  },
  "weighted avg": {
    "precision": 0.7788025677857854,
    "recall": 0.7848167539267016,
    "f1-score": 0.7726870086800375,
    "support": 1910.0
  }
}