{
  "0": {
    "precision": 0.7548891786179922,
    "recall": 0.8786039453717754,
    "f1-score": 0.8120617110799438,
    "support": 659.0
  },
  "1": {
    "precision": 0.841897233201581,
    "recall": 0.6938110749185668,
    "f1-score": 0.7607142857142857,
    "support": 614.0
  },
  "accuracy": 0.7894736842105263,
  "macro avg": {
    "precision": 0.7983932059097867,
    "recall": 0.7862075101451711,
    "f1-score": 0.7863879983971147,
    "support": 1273.0
  },
  "weighted avg": {
    "precision": 0.7968553573409487,
    "recall": 0.7894736842105263,
    "f1-score": 0.7872955530481182,
    "support": 1273.0
  }
}