{
  "0": {
    "precision": 0.9344415390362346,
    "recall": 0.9926587301587302,
    "f1-score": 0.9626707715989994,
    "support": 5040.0
  },
  "1": {
    "precision": 0.9809768637532134,
    "recall": 0.8446215139442231,
    "f1-score": 0.9077069457659372,
    "support": 2259.0
  },
  "accuracy": 0.9468420331552267,
  "macro avg": {
    "precision": 0.9577092013947239,
    "recall": 0.9186401220514766,
    "f1-score": 0.9351888586824684,
    "support": 7299.0
  },
  "weighted avg": {
    "precision": 0.9488439638253365,
    "recall": 0.9468420331552267,
    "f1-score": 0.9456597724817384,
    "support": 7299.0
  }
}