{
  "0": {
    "precision": 0.9097938144329897,
    "recall": 0.9805555555555555,
    "f1-score": 0.9438502673796791,
    "support": 5040.0
  },
  "1": {
    "precision": 0.9475093733261918,
    "recall": 0.7830898627711377,
    "f1-score": 0.857489093553078,
    "support": 2259.0
  },
  "accuracy": 0.9194410193177147,
  "macro avg": {
    "precision": 0.9286515938795907,
    "recall": 0.8818227091633466,
    "f1-score": 0.9006696804663785,
    "support": 7299.0
  },
  "weighted avg": {
    "precision": 0.9214665706379143,
    "recall": 0.9194410193177147,
    "f1-score": 0.9171219632730492,
    "support": 7299.0
  }
}