{
  "0": {
    "precision": 0.8026045236463331,
    "recall": 0.9028527370855821,
    "f1-score": 0.8497822931785196,
    "support": 1297.0
  },
  "1": {
    "precision": 0.720620842572062,
    "recall": 0.5301794453507341,
    "f1-score": 0.6109022556390977,
    "support": 613.0
  },
  "accuracy": 0.7832460732984293,
  "macro avg": {
    "precision": 0.7616126831091976,
    "recall": 0.7165160912181581,
    "f1-score": 0.7303422744088086,
    "support": 1910.0
  },
  "weighted avg": {
    "precision": 0.7762924835947477,
    "recall": 0.7832460732984293,
    "f1-score": 0.7731155586174382,
    "support": 1910.0
  }
}