{
  "0": {
    "precision": 0.7969271877087508,
    "recall": 0.9198149575944488,
    "f1-score": 0.8539727988546886,
    "support": 1297.0
  },
  "1": {
    "precision": 0.7481840193704601,
    "recall": 0.5040783034257749,
    "f1-score": 0.6023391812865497,
    "support": 613.0
  },
  "accuracy": 0.7863874345549738,
  "macro avg": {
    "precision": 0.7725556035396055,
    "recall": 0.7119466305101119,
    "f1-score": 0.7281559900706192,
    "support": 1910.0
  },
  "weighted avg": {
    "precision": 0.781283437870336,
    "recall": 0.7863874345549738,
    "f1-score": 0.7732128996037624,
    "support": 1910.0
  }
}