{
  "0": {
    "precision": 0.9348473566641846,
    "recall": 0.9964285714285714,
    "f1-score": 0.9646561659623512,
    "support": 5040.0
  },
  "1": {
    "precision": 0.9906590555267255,
    "recall": 0.8450641876936698,
    "f1-score": 0.9120879120879121,
    "support": 2259.0
  },
  "accuracy": 0.949582134538978,
  "macro avg": {
    "precision": 0.9627532060954551,
    "recall": 0.9207463795611206,
    "f1-score": 0.9383720390251316,
    "support": 7299.0
  },
  "weighted avg": {
    "precision": 0.9521207677794716,
    "recall": 0.949582134538978,
    "f1-score": 0.9483865830739612,
    "support": 7299.0
  }
}