{
  "0": {
    "precision": 0.9326636904761905,
    "recall": 0.9948412698412699,
    "f1-score": 0.9627496159754224,
    "support": 5040.0
  },
  "1": {
    "precision": 0.9864794591783671,
    "recall": 0.8397521027003099,
    "f1-score": 0.907221425155428,
    "support": 2259.0
  },
  "accuracy": 0.9468420331552267,
  "macro avg": {
    "precision": 0.9595715748272788,
    "recall": 0.9172966862707899,
    "f1-score": 0.9349855205654252,
    "support": 7299.0
  },
  "weighted avg": {
    "precision": 0.9493193722816731,
    "recall": 0.9468420331552267,
    "f1-score": 0.9455639490262009,
    "support": 7299.0
  }
}