{
  "0": {
    "precision": 0.7981283422459893,
    "recall": 0.920585967617579,
    "f1-score": 0.8549946294307197,
    "support": 1297.0
  },
  "1": {
    "precision": 0.751207729468599,
    "recall": 0.5073409461663948,
    "f1-score": 0.6056475170399221,
    "support": 613.0
  },
  "accuracy": 0.7879581151832461,
  "macro avg": {
    "precision": 0.7746680358572942,
    "recall": 0.7139634568919869,
    "f1-score": 0.7303210732353209,
    "support": 1910.0
  },
  "weighted avg": {
    "precision": 0.7830695277786908,
    "recall": 0.7879581151832461,
    "f1-score": 0.7749685666581758,
    "support": 1910.0
  }
}