{
  "0": {
    "precision": 0.9358158682634731,
    "recall": 0.9922619047619048,
    "f1-score": 0.9632126348228043,
    "support": 5040.0
  },
  "1": {
    "precision": 0.9800511508951406,
    "recall": 0.8481629039397963,
    "f1-score": 0.9093497864261983,
    "support": 2259.0
  },
  "accuracy": 0.9476640635703522,
  "macro avg": {
    "precision": 0.9579335095793069,
    "recall": 0.9202124043508506,
    "f1-score": 0.9362812106245013,
    "support": 7299.0
  },
  "weighted avg": {
    "precision": 0.949506442789427,
    "recall": 0.9476640635703522,
    "f1-score": 0.9465423821131271,
    "support": 7299.0
  }
}