{
  "0": {
    "precision": 0.7876984126984127,
    "recall": 0.9182729375481882,
    "f1-score": 0.8479886080455679,
    "support": 1297.0
  },
  "1": {
    "precision": 0.7336683417085427,
    "recall": 0.4763458401305057,
    "f1-score": 0.5776458951533135,
    "support": 613.0
  },
  "accuracy": 0.7764397905759163,
  "macro avg": {
    "precision": 0.7606833772034777,
    "recall": 0.6973093888393469,
    "f1-score": 0.7128172515994406,
    "support": 1910.0
  },
  "weighted avg": {
    "precision": 0.7703578715901455,
    "recall": 0.7764397905759163,
    "f1-score": 0.7612241666827658,
    "support": 1910.0
  }
}