{
  "0": {
    "precision": 0.7535667963683528,
    "recall": 0.881638846737481,
    "f1-score": 0.8125874125874126,
    "support": 659.0
  },
  "1": {
    "precision": 0.8446215139442231,
    "recall": 0.6905537459283387,
    "f1-score": 0.7598566308243727,
    "support": 614.0
  },
  "accuracy": 0.7894736842105263,
  "macro avg": {
    "precision": 0.799094155156288,
    "recall": 0.7860962963329099,
    "f1-score": 0.7862220217058926,
    "support": 1273.0
  },
  "weighted avg": {
    "precision": 0.7974847826932423,
    "recall": 0.7894736842105263,
    "f1-score": 0.7871540268823799,
    "support": 1273.0
  }
}