{
  "0": {
    "precision": 0.9396325459317585,
    "recall": 0.9944444444444445,
    "f1-score": 0.9662618083670715,
    "support": 5040.0
  },
  "1": {
    "precision": 0.9857506361323155,
    "recall": 0.8574590526781762,
    "f1-score": 0.9171401515151515,
    "support": 2259.0
  },
  "accuracy": 0.952048225784354,
  "macro avg": {
    "precision": 0.962691591032037,
    "recall": 0.9259517485613104,
    "f1-score": 0.9417009799411116,
    "support": 7299.0
  },
  "weighted avg": {
    "precision": 0.9539058389531393,
    "recall": 0.952048225784354,
    "f1-score": 0.9510589281330001,
    "support": 7299.0
  }
}