{
  "0": {
    "precision": 0.7933110367892977,
    "recall": 0.9144178874325366,
    "f1-score": 0.8495702005730659,
    "support": 1297.0
  },
  "1": {
    "precision": 0.7325301204819277,
    "recall": 0.49592169657422513,
    "f1-score": 0.5914396887159533,
    "support": 613.0
  },
  "accuracy": 0.7801047120418848,
  "macro avg": {
    "precision": 0.7629205786356127,
    "recall": 0.7051697920033808,
    "f1-score": 0.7205049446445095,
    "support": 1910.0
  },
  "weighted avg": {
    "precision": 0.7738038631262517,
    "recall": 0.7801047120418848,
    "f1-score": 0.7667251724220658,
    "support": 1910.0
  }
}