{
  "0": {
    "precision": 0.9256429370108088,
    "recall": 0.9855158730158731,
    "f1-score": 0.954641552950221,
    "support": 5040.0
  },
  "1": {
    "precision": 0.9622348680807036,
    "recall": 0.8233731739707836,
    "f1-score": 0.8874045801526718,
    "support": 2259.0
  },
  "accuracy": 0.9353336073434717,
  "macro avg": {
    "precision": 0.9439389025457562,
    "recall": 0.9044445234933283,
    "f1-score": 0.9210230665514464,
    "support": 7299.0
  },
  "weighted avg": {
    "precision": 0.9369679366390994,
    "recall": 0.9353336073434717,
    "f1-score": 0.933832082947527,
    "support": 7299.0
  }
}