{
  "0": {
    "precision": 0.7923387096774194,
    "recall": 0.9090208172706246,
    "f1-score": 0.8466786355475763,
    "support": 1297.0
  },
  "1": {
    "precision": 0.7203791469194313,
    "recall": 0.49592169657422513,
    "f1-score": 0.58743961352657,
    "support": 613.0
  },
  "accuracy": 0.7764397905759163,
  "macro avg": {
    "precision": 0.7563589282984253,
    "recall": 0.7024712569224248,
    "f1-score": 0.7170591245370732,
    "support": 1910.0
  },
  "weighted avg": {
    "precision": 0.7692438343001176,
    "recall": 0.7764397905759163,
    "f1-score": 0.7634778394748659,
    "support": 1910.0
  }
}