{
  "0": {
    "precision": 0.8334459459459459,
    "recall": 0.9789682539682539,
    "f1-score": 0.9003649635036496,
    "support": 5040.0
  },
  "1": {
    "precision": 0.9231327048585932,
    "recall": 0.5635236830455954,
    "f1-score": 0.6998350742166025,
    "support": 2259.0
  },
  "accuracy": 0.8503904644471846,
  "macro avg": {
    "precision": 0.8782893254022696,
    "recall": 0.7712459685069246,
    "f1-score": 0.800100018860126,
    "support": 7299.0
  },
  "weighted avg": {
    "precision": 0.8612035001840155,
    "recall": 0.8503904644471846,
    "f1-score": 0.8383020754505685,
    "support": 7299.0
  }
}