{
  "0": {
    "precision": 0.9337304542069993,
    "recall": 0.9952380952380953,
    "f1-score": 0.9635036496350365,
    "support": 5040.0
  },
  "1": {
    "precision": 0.9875454073689673,
    "recall": 0.8424081451969898,
    "f1-score": 0.9092212135690396,
    "support": 2259.0
  },
  "accuracy": 0.9479380737087272,
  "macro avg": {
    "precision": 0.9606379307879833,
    "recall": 0.9188231202175425,
    "f1-score": 0.936362431602038,
    "support": 7299.0
  },
  "weighted avg": {
    "precision": 0.9503858836073126,
    "recall": 0.9479380737087272,
    "f1-score": 0.9467035368698514,
    "support": 7299.0
  }
}