{
  "0": {
    "precision": 0.7921646746347941,
    "recall": 0.9198149575944488,
    "f1-score": 0.8512308241170174,
    "support": 1297.0
  },
  "1": {
    "precision": 0.7425742574257426,
    "recall": 0.4893964110929853,
    "f1-score": 0.5899705014749262,
    "support": 613.0
  },
  "accuracy": 0.7816753926701571,
  "macro avg": {
    "precision": 0.7673694660302683,
    "recall": 0.7046056843437171,
    "f1-score": 0.7206006627959718,
    "support": 1910.0
  },
  "weighted avg": {
    "precision": 0.7762490067033028,
    "recall": 0.7816753926701571,
    "f1-score": 0.7673813069549222,
    "support": 1910.0
  }
}