{
  "0": {
    "precision": 0.7593307593307593,
    "recall": 0.8952959028831563,
    "f1-score": 0.8217270194986073,
    "support": 659.0
  },
  "1": {
    "precision": 0.8608870967741935,
    "recall": 0.6954397394136808,
    "f1-score": 0.7693693693693694,
    "support": 614.0
  },
  "accuracy": 0.7989002356637863,
  "macro avg": {
    "precision": 0.8101089280524765,
    "recall": 0.7953678211484185,
    "f1-score": 0.7955481944339884,
    "support": 1273.0
  },
  "weighted avg": {
    "precision": 0.8083139417268854,
    "recall": 0.7989002356637863,
    "f1-score": 0.796473604589454,
    "support": 1273.0
  }
}