{
  "0": {
    "precision": 0.8165467625899281,
    "recall": 0.8750963762528913,
    "f1-score": 0.8448083364346856,
    "support": 1297.0
  },
  "1": {
    "precision": 0.6884615384615385,
    "recall": 0.5840130505709625,
    "f1-score": 0.6319505736981466,
    "support": 613.0
  },
  "accuracy": 0.7816753926701571,
  "macro avg": {
    "precision": 0.7525041505257333,
    "recall": 0.7295547134119269,
    "f1-score": 0.738379455066416,
    "support": 1910.0
  },
  "weighted avg": {
    "precision": 0.7754387822806597,
    "recall": 0.7816753926701571,
    "f1-score": 0.7764932534202885,
    "support": 1910.0
  }
}