{
  "0": {
    "precision": 0.8565431648110969,
    "recall": 0.9311507936507937,
    "f1-score": 0.8922901416484457,
    "support": 5040.0
  },
  "1": {
    "precision": 0.8093406593406594,
    "recall": 0.6520584329349269,
    "f1-score": 0.7222358421181663,
    "support": 2259.0
  },
  "accuracy": 0.8447732566104946,
  "macro avg": {
    "precision": 0.8329419120758781,
    "recall": 0.7916046132928602,
    "f1-score": 0.807262991883306,
    "support": 7299.0
  },
  "weighted avg": {
    "precision": 0.8419342512807888,
    "recall": 0.8447732566104946,
    "f1-score": 0.8396592795250177,
    "support": 7299.0
  }
}