{
  "0": {
    "precision": 0.8034026465028355,
    "recall": 0.644916540212443,
    "f1-score": 0.7154882154882155,
    "support": 659.0
  },
  "1": {
    "precision": 0.6854838709677419,
    "recall": 0.8306188925081434,
    "f1-score": 0.7511045655375552,
    "support": 614.0
  },
  "accuracy": 0.7344854673998429,
  "macro avg": {
    "precision": 0.7444432587352887,
    "recall": 0.7377677163602931,
    "f1-score": 0.7332963905128853,
    "support": 1273.0
  },
  "weighted avg": {
    "precision": 0.7465274476194518,
    "recall": 0.7344854673998429,
    "f1-score": 0.7326668792197902,
    "support": 1273.0
  }
}