{
  "0": {
    "precision": 0.8139197680038666,
    "recall": 0.6682539682539682,
    "f1-score": 0.7339289605578557,
    "support": 5040.0
  },
  "1": {
    "precision": 0.47105346409364124,
    "recall": 0.6591412129260735,
    "f1-score": 0.5494464944649446,
    "support": 2259.0
  },
  "accuracy": 0.6654336210439786,
  "macro avg": {
    "precision": 0.6424866160487539,
    "recall": 0.6636975905900209,
    "f1-score": 0.6416877275114001,
    "support": 7299.0
  },
  "weighted avg": {
    "precision": 0.7078045494077303,
    "recall": 0.6654336210439786,
    "f1-score": 0.6768326609409375,
    "support": 7299.0
  }
}